,csucsszam,dinic,dinic_bi,dinic_level_mem,dinic_opt
0,100.0,0.0292,0.0089,0.0127,0.0094
1,166.0,0.0457,0.0172,0.0203,0.0155
2,278.0,0.0662,0.0206,0.0306,0.0214
3,464.0,0.10121,0.031,0.0391,0.0374
4,774.0,0.17683,0.06581,0.09171,0.0434
5,1291.0,0.29373,0.09484,0.12901,0.0783
6,2154.0,0.5779,0.17964,0.24491,0.13461
7,3593.0,1.06609,0.33061,0.50334,0.26608
8,5994.0,1.64334,0.59145,0.72936,0.36753
9,10000.0,2.6815,0.88327,1.28957,0.67997
